#
# SQL Export
# Created by Querious (300050)
# Created: 14 June 2020 at 2:51:34pm BST
# Encoding: Unicode (UTF-8)
#


SET @ORIG_TIME_ZONE = @@TIME_ZONE;
SET TIME_ZONE = '+00:00';

SET @ORIG_SQL_MODE = @@SQL_MODE;
SET SQL_MODE = 'NO_AUTO_VALUE_ON_ZERO';






INSERT INTO `groups` VALUES (1,'members','General User');


INSERT INTO `migrations` VALUES (1,'20181211100537','IonAuth\\Database\\Migrations\\Migration_Install_ion_auth','','IonAuth',1592133003,1);
INSERT INTO `migrations` VALUES (2,'2020-05-26-193759','App\\Database\\Migrations\\AddSubscriptionPlanTable','default','App',1592133012,2);
INSERT INTO `migrations` VALUES (3,'2020-05-26-194304','App\\Database\\Migrations\\AddSubscriptionsTable','default','App',1592133012,2);
INSERT INTO `migrations` VALUES (4,'2020-05-27-171906','App\\Database\\Migrations\\AddActivationsTable','default','App',1592133012,2);
INSERT INTO `migrations` VALUES (5,'2020-05-28-184017','App\\Database\\Migrations\\AddSubIconAlt','default','App',1592133012,2);
INSERT INTO `migrations` VALUES (6,'2020-05-30-164150','App\\Database\\Migrations\\UpdateActivationsTable','default','App',1592133012,2);


INSERT INTO `subscription_plans` VALUES ('2ED67AA5-9E1F-4AA0-9102-5E01517DAF51','App A (Monthly)','com.mcubedsw.appa','appa-2',2,'appa.png',3,3,'App A');
INSERT INTO `subscription_plans` VALUES ('437CE32B-24D5-4D03-BE32-31595396428A','App B (Annual)','com.mcubedsw.appb','appb',3,'appb.png',2,2,'App B');
INSERT INTO `subscription_plans` VALUES ('A10660F9-9475-4B30-A23E-C7A35755BD46','App A (Annual)','com.mcubedsw.appa','appa',1,'appa.png',3,3,'App A');


INSERT INTO `users` VALUES (1,'::1','empty@mcubedsw.com','$2y$10$u/QWyBHNtrd5fTMsy448ieOhsvGoj6e9uRGptpABieriWGPaWYsh6','empty@mcubedsw.com',NULL,NULL,NULL,NULL,NULL,NULL,NULL,1592133171,NULL,1,NULL,NULL,NULL,NULL);
INSERT INTO `users` VALUES (2,'::1','basic@mcubedsw.com','$2y$10$hStLDgvQNvtqczsP5cGUZu08n3g8Egtdp/kKNw6X9n3t9G0Qs/GXu','basic@mcubedsw.com',NULL,NULL,NULL,NULL,NULL,NULL,NULL,1592133203,NULL,1,NULL,NULL,NULL,NULL);
INSERT INTO `users` VALUES (3,'::1','basic_expired@mcubedsw.com','$2y$10$FZIUg3iDYsf9Lm8onB3mteZik7rpfXI4iZEwRowRcIOMdW6RhFE5W','basic_expired@mcubedsw.com',NULL,NULL,NULL,NULL,NULL,NULL,NULL,1592140387,NULL,1,NULL,NULL,NULL,NULL);
INSERT INTO `users` VALUES (4,'::1','multiple_apps@mcubedsw.com','$2y$10$IxC8Lpoos7Cndd1mLuXXXOmdHGr8mBBLxLQX6VKMV629VbJYnspxO','multiple_apps@mcubedsw.com',NULL,NULL,NULL,NULL,NULL,NULL,NULL,1592140411,NULL,1,NULL,NULL,NULL,NULL);
INSERT INTO `users` VALUES (5,'::1','multiple_subs@mcubedsw.com','$2y$10$WFkUheHPZ50OO9d0w2n5.eKny7.ZLDNp7PQjBD.27ILieccxJt58K','multiple_subs@mcubedsw.com',NULL,NULL,NULL,NULL,NULL,NULL,NULL,1592133229,NULL,1,NULL,NULL,NULL,NULL);
INSERT INTO `users` VALUES (6,'::1','multiple_subs_expired@mcubedsw.com','$2y$10$P/ki.Zeq/kENPyEsmojT..KETAdHHQCbkYvdGJ/S5BDzTEdszCB5y','multiple_subs_expired@mcubedsw.com',NULL,NULL,NULL,NULL,NULL,NULL,NULL,1592140430,NULL,1,NULL,NULL,NULL,NULL);
INSERT INTO `users` VALUES (7,'::1','too_many_devices@mcubedsw.com','$2y$10$v1EI0yphiLg093nl1i6kBe9fJcQzT3L46HZFHybcloWgUcjOs.q/G','too_many_devices@mcubedsw.com',NULL,NULL,NULL,NULL,NULL,NULL,NULL,1592133259,NULL,1,NULL,NULL,NULL,NULL);


INSERT INTO `subscriptions` VALUES ('17092533-D4C8-4A3C-876A-9DF6944C7E44','A10660F9-9475-4B30-A23E-C7A35755BD46','paddle','890',NULL,NULL,1590969600000,6);
INSERT INTO `subscriptions` VALUES ('1B65DFE2-6716-46E7-B128-74C73108CF99','2ED67AA5-9E1F-4AA0-9102-5E01517DAF51','paddle','012',NULL,NULL,1590969600000,6);
INSERT INTO `subscriptions` VALUES ('2F7B10DF-6F40-4AAA-8C60-5833F3CA9FE8','437CE32B-24D5-4D03-BE32-31595396428A','paddle','456',NULL,NULL,1590969600000,4);
INSERT INTO `subscriptions` VALUES ('41707C9E-CBB5-45E4-9AC7-618B0C09C1BE','A10660F9-9475-4B30-A23E-C7A35755BD46','paddle','678',NULL,NULL,1590969600000,4);
INSERT INTO `subscriptions` VALUES ('74DB00FC-31BB-41DD-8AD1-BBC6A92AACFA','437CE32B-24D5-4D03-BE32-31595396428A','paddle','567',NULL,NULL,1590969600000,7);
INSERT INTO `subscriptions` VALUES ('7D6E5BBB-0C23-4CE8-A505-A523C2127383','437CE32B-24D5-4D03-BE32-31595396428A','paddle','123',NULL,NULL,1590969600000,2);
INSERT INTO `subscriptions` VALUES ('843AB8EB-212E-4759-AE08-977656F5BE39','437CE32B-24D5-4D03-BE32-31595396428A','paddle','234',NULL,NULL,1590969600000,3);
INSERT INTO `subscriptions` VALUES ('D44C0A53-1AD0-45D3-9A3C-60605740BCC0','2ED67AA5-9E1F-4AA0-9102-5E01517DAF51','paddle','150',NULL,NULL,1590969600000,5);
INSERT INTO `subscriptions` VALUES ('DA91AB42-4889-44D0-8D7D-C551145DF36D','A10660F9-9475-4B30-A23E-C7A35755BD46','paddle','789',NULL,NULL,1590969600000,5);


INSERT INTO `users_groups` VALUES (1,1,1);
INSERT INTO `users_groups` VALUES (2,2,1);
INSERT INTO `users_groups` VALUES (3,3,1);
INSERT INTO `users_groups` VALUES (4,4,1);
INSERT INTO `users_groups` VALUES (5,5,1);
INSERT INTO `users_groups` VALUES (6,6,1);
INSERT INTO `users_groups` VALUES (7,7,1);


INSERT INTO `activations` VALUES ('C785F128-ABA3-4F92-8C57-81C7EAC58727','My iMac','mac','2020-06-14 14:45:34','7D6E5BBB-0C23-4CE8-A505-A523C2127383','1.0','9A020C50-2910-4034-A981-BD40FFB76C4A','E62EFBD0-62E8-4C1F-B2E1-25F712621960');
INSERT INTO `activations` VALUES ('DDC803A7-60E7-456B-BCF7-0D5903291701','MacBook Pro','mac','2020-06-14 14:47:05','74DB00FC-31BB-41DD-8AD1-BBC6A92AACFA','1.0','544D97C8-E456-489C-B8C1-5E7FD9E24E87','9216F578-7311-4949-932C-5333886FB03E');
INSERT INTO `activations` VALUES ('E47A4280-207A-411D-9E1A-89C4AB338B76','Mac Pro','mac','2020-06-14 14:46:32','74DB00FC-31BB-41DD-8AD1-BBC6A92AACFA','1.0','16F260F8-A1AD-48DD-A38C-82E1F753B852','A426953A-C611-403D-9E59-0B70E16CE2F2');



SET @ORIG_TIME_ZONE = @@TIME_ZONE;
SET TIME_ZONE = @ORIG_TIME_ZONE;

SET SQL_MODE = @ORIG_SQL_MODE;



# Export Finished: 14 June 2020 at 2:51:34pm BST

